Total_Trades,Directional_Accuracy_Pct,RMSE_Close,MAE_Close,filename
21,66.66666666666666,0.8497714159765584,0.7039781784784238,prediction_SOL_15min-model=kronos-mini-lookback=504-pred_len=1-temperature=0.9-top_p=0.98-sample_count=2.csv
21,61.904761904761905,0.8533106727895258,0.6304576416015596,prediction_SOL_15min-model=kronos-mini-lookback=504-pred_len=1-temperature=0.8-top_p=0.96-sample_count=2.csv
117,59.82905982905983,0.7783808567853302,0.6100357949803021,prediction_SOL_15min-model=kronos-mini-lookback=408-pred_len=1-temperature=0.9-top_p=0.94-sample_count=100.csv
117,59.82905982905983,0.9364979249522178,0.7450967074402348,prediction_SOL_15min-model=kronos-mini-lookback=408-pred_len=1-temperature=1.1-top_p=0.96-sample_count=2.csv
117,58.119658119658126,0.7553250897215783,0.5903646054520566,prediction_SOL_15min-model=kronos-mini-lookback=408-pred_len=1-temperature=1.2-top_p=0.9-sample_count=100.csv
117,58.119658119658126,0.7601979017146101,0.5955904970870071,prediction_SOL_15min-model=kronos-mini-lookback=408-pred_len=1-temperature=1.1-top_p=0.96-sample_count=100.csv
117,58.119658119658126,0.7673344795286087,0.5983513561281384,prediction_SOL_15min-model=kronos-mini-lookback=408-pred_len=1-temperature=1.1-top_p=0.94-sample_count=100.csv
117,58.119658119658126,0.7797448601560029,0.6084078736394856,prediction_SOL_15min-model=kronos-mini-lookback=408-pred_len=1-temperature=1.0-top_p=0.92-sample_count=100.csv
117,58.119658119658126,0.7799248690268271,0.6178797490568269,prediction_SOL_15min-model=kronos-mini-lookback=408-pred_len=1-temperature=0.8-top_p=0.94-sample_count=100.csv
117,58.119658119658126,0.7799825756536526,0.6127095559144605,prediction_SOL_15min-model=kronos-mini-lookback=408-pred_len=1-temperature=0.8-top_p=0.98-sample_count=100.csv
213,57.74647887323944,0.6951349336688403,0.5399743058612092,prediction_SOL_15min-model=kronos-mini-lookback=312-pred_len=1-temperature=1.2-top_p=0.96-sample_count=100.csv
213,57.74647887323944,0.7168733949880955,0.5522668476516644,prediction_SOL_15min-model=kronos-mini-lookback=312-pred_len=1-temperature=0.8-top_p=0.96-sample_count=100.csv
213,57.27699530516433,0.7062793055764303,0.5474260961111714,prediction_SOL_15min-model=kronos-mini-lookback=312-pred_len=1-temperature=1.2-top_p=1.0-sample_count=100.csv
213,57.27699530516433,0.8823375388198287,0.6663204634545516,prediction_SOL_15min-model=kronos-mini-lookback=312-pred_len=1-temperature=0.9-top_p=0.98-sample_count=2.csv
117,57.26495726495726,0.7529042734717674,0.5929649635249726,prediction_SOL_15min-model=kronos-mini-lookback=408-pred_len=1-temperature=1.2-top_p=0.98-sample_count=100.csv
117,57.26495726495726,0.7545558071385365,0.592065217681624,prediction_SOL_15min-model=kronos-mini-lookback=408-pred_len=1-temperature=1.2-top_p=0.94-sample_count=100.csv
117,57.26495726495726,0.7742053458061996,0.6109456315521518,prediction_SOL_15min-model=kronos-mini-lookback=408-pred_len=1-temperature=0.8-top_p=0.9-sample_count=100.csv
117,57.26495726495726,0.7761545582236177,0.6026392020983531,prediction_SOL_15min-model=kronos-mini-lookback=408-pred_len=1-temperature=1.1-top_p=0.9-sample_count=100.csv
117,57.26495726495726,0.7806704257995739,0.6150252833700566,prediction_SOL_15min-model=kronos-mini-lookback=408-pred_len=1-temperature=1.1-top_p=0.92-sample_count=100.csv
117,57.26495726495726,0.7872517302099051,0.6142673446264033,prediction_SOL_15min-model=kronos-mini-lookback=408-pred_len=1-temperature=0.8-top_p=1.0-sample_count=100.csv
117,57.26495726495726,0.7940126576616726,0.623407289997329,prediction_SOL_15min-model=kronos-mini-lookback=408-pred_len=1-temperature=0.8-top_p=0.92-sample_count=100.csv
117,57.26495726495726,0.9037476163988827,0.7022953154213432,prediction_SOL_15min-model=kronos-mini-lookback=408-pred_len=1-temperature=1.0-top_p=0.92-sample_count=2.csv
117,57.26495726495726,0.9232527846276121,0.7228453851161871,prediction_SOL_15min-model=kronos-mini-lookback=408-pred_len=1-temperature=1.2-top_p=0.96-sample_count=2.csv
117,57.26495726495726,0.9472505033817022,0.7448550647703008,prediction_SOL_15min-model=kronos-mini-lookback=408-pred_len=1-temperature=0.8-top_p=0.98-sample_count=2.csv
21,57.14285714285714,0.8293750383960425,0.6756461007254383,prediction_SOL_15min-model=kronos-mini-lookback=504-pred_len=1-temperature=1.2-top_p=0.9-sample_count=2.csv
21,57.14285714285714,0.8488718281950708,0.7313405180431538,prediction_SOL_15min-model=kronos-mini-lookback=504-pred_len=1-temperature=0.8-top_p=1.0-sample_count=2.csv
213,56.8075117370892,0.7142421582031581,0.5525329884417174,prediction_SOL_15min-model=kronos-mini-lookback=312-pred_len=1-temperature=0.9-top_p=0.98-sample_count=100.csv
213,56.8075117370892,0.7889095487528356,0.5940960735768774,prediction_SOL_15min-model=kronos-mini-lookback=312-pred_len=1-temperature=0.8-top_p=0.94-sample_count=2.csv
117,56.41025641025641,0.7659683898835832,0.6016591846955125,prediction_SOL_15min-model=kronos-mini-lookback=408-pred_len=1-temperature=1.0-top_p=0.94-sample_count=100.csv
117,56.41025641025641,0.7747791190007288,0.6157273207966062,prediction_SOL_15min-model=kronos-mini-lookback=408-pred_len=1-temperature=0.9-top_p=0.92-sample_count=100.csv
117,56.41025641025641,0.7750068454268945,0.6055210662059325,prediction_SOL_15min-model=kronos-mini-lookback=408-pred_len=1-temperature=1.0-top_p=1.0-sample_count=100.csv
117,56.41025641025641,0.7752248468924747,0.6093220911792181,prediction_SOL_15min-model=kronos-mini-lookback=408-pred_len=1-temperature=0.9-top_p=0.96-sample_count=100.csv
117,56.41025641025641,0.7783949758125017,0.6023384072849909,prediction_SOL_15min-model=kronos-mini-lookback=408-pred_len=1-temperature=1.2-top_p=0.92-sample_count=100.csv
117,56.41025641025641,0.7812326864965065,0.6101950973641167,prediction_SOL_15min-model=kronos-mini-lookback=408-pred_len=1-temperature=0.9-top_p=1.0-sample_count=100.csv
117,56.41025641025641,0.7832830127317667,0.611787360610311,prediction_SOL_15min-model=kronos-mini-lookback=408-pred_len=1-temperature=0.9-top_p=0.9-sample_count=100.csv
117,56.41025641025641,0.7871229101200469,0.6198104166666667,prediction_SOL_15min-model=kronos-mini-lookback=408-pred_len=1-temperature=0.8-top_p=0.96-sample_count=100.csv
117,56.41025641025641,0.8780421855842514,0.6904905200403991,prediction_SOL_15min-model=kronos-mini-lookback=408-pred_len=1-temperature=0.9-top_p=0.96-sample_count=2.csv
117,56.41025641025641,0.9370513016963533,0.7457768519214104,prediction_SOL_15min-model=kronos-mini-lookback=408-pred_len=1-temperature=0.9-top_p=0.92-sample_count=2.csv
117,56.41025641025641,1.0049111883115929,0.7456386820996928,prediction_SOL_15min-model=kronos-mini-lookback=408-pred_len=1-temperature=1.0-top_p=0.98-sample_count=2.csv
117,56.41025641025641,1.096072073751288,0.7502219751602569,prediction_SOL_15min-model=kronos-mini-lookback=408-pred_len=1-temperature=0.8-top_p=1.0-sample_count=2.csv
213,55.86854460093896,0.7098555740979753,0.5537309331902867,prediction_SOL_15min-model=kronos-mini-lookback=312-pred_len=1-temperature=1.1-top_p=0.9-sample_count=100.csv
213,55.86854460093896,0.7164074920659447,0.5547425671214768,prediction_SOL_15min-model=kronos-mini-lookback=312-pred_len=1-temperature=0.9-top_p=0.9-sample_count=100.csv
213,55.86854460093896,0.8000339786245305,0.6298438133848664,prediction_SOL_15min-model=kronos-mini-lookback=312-pred_len=1-temperature=1.0-top_p=0.98-sample_count=2.csv
213,55.86854460093896,0.8193695766068264,0.6498660939104662,prediction_SOL_15min-model=kronos-mini-lookback=312-pred_len=1-temperature=1.0-top_p=0.9-sample_count=2.csv
309,55.663430420711975,0.7973823971066725,0.6119080852422132,prediction_SOL_15min-model=kronos-mini-lookback=216-pred_len=1-temperature=0.9-top_p=0.98-sample_count=2.csv
117,55.55555555555556,0.7629853607591429,0.5989406855134883,prediction_SOL_15min-model=kronos-mini-lookback=408-pred_len=1-temperature=1.2-top_p=0.96-sample_count=100.csv
117,55.55555555555556,0.7709850265942324,0.6045427588307969,prediction_SOL_15min-model=kronos-mini-lookback=408-pred_len=1-temperature=1.0-top_p=0.96-sample_count=100.csv
117,55.55555555555556,0.7764174767608989,0.6043576146834927,prediction_SOL_15min-model=kronos-mini-lookback=408-pred_len=1-temperature=0.9-top_p=0.98-sample_count=100.csv
117,55.55555555555556,0.926899681327827,0.7138466721754809,prediction_SOL_15min-model=kronos-mini-lookback=408-pred_len=1-temperature=1.0-top_p=0.9-sample_count=2.csv
213,55.39906103286385,0.7833528817256578,0.6028152109925142,prediction_SOL_15min-model=kronos-mini-lookback=312-pred_len=1-temperature=1.1-top_p=0.96-sample_count=2.csv
213,55.39906103286385,0.8617542334775045,0.6586281957205476,prediction_SOL_15min-model=kronos-mini-lookback=312-pred_len=1-temperature=1.1-top_p=0.9-sample_count=2.csv
213,54.929577464788736,0.7082359174687107,0.5476816121992362,prediction_SOL_15min-model=kronos-mini-lookback=312-pred_len=1-temperature=0.9-top_p=0.96-sample_count=100.csv
213,54.929577464788736,0.7084099797745504,0.552273361506931,prediction_SOL_15min-model=kronos-mini-lookback=312-pred_len=1-temperature=0.8-top_p=0.94-sample_count=100.csv
213,54.929577464788736,0.7096658984219415,0.5479723553724676,prediction_SOL_15min-model=kronos-mini-lookback=312-pred_len=1-temperature=0.9-top_p=1.0-sample_count=100.csv
213,54.929577464788736,0.7174219435025675,0.5511826277325401,prediction_SOL_15min-model=kronos-mini-lookback=312-pred_len=1-temperature=0.8-top_p=1.0-sample_count=100.csv
213,54.929577464788736,0.7753895185465017,0.5977730480211972,prediction_SOL_15min-model=kronos-mini-lookback=312-pred_len=1-temperature=0.8-top_p=0.98-sample_count=2.csv
501,54.890219560878236,0.705115820249908,0.534585562517544,prediction_SOL_15min-model=kronos-mini-lookback=24-pred_len=1-temperature=0.9-top_p=0.92-sample_count=100.csv
501,54.890219560878236,0.7216499496560947,0.5484786299471381,prediction_SOL_15min-model=kronos-mini-lookback=24-pred_len=1-temperature=1.2-top_p=1.0-sample_count=100.csv
117,54.700854700854705,0.7654025281421566,0.5974179887820502,prediction_SOL_15min-model=kronos-mini-lookback=408-pred_len=1-temperature=1.0-top_p=0.9-sample_count=100.csv
117,54.700854700854705,0.774067710486322,0.6095576952290328,prediction_SOL_15min-model=kronos-mini-lookback=408-pred_len=1-temperature=1.1-top_p=0.98-sample_count=100.csv
117,54.700854700854705,0.9079270703514027,0.6895347443409499,prediction_SOL_15min-model=kronos-mini-lookback=408-pred_len=1-temperature=0.8-top_p=0.94-sample_count=2.csv
213,54.460093896713616,0.7112241183478358,0.5515453570871839,prediction_SOL_15min-model=kronos-mini-lookback=312-pred_len=1-temperature=1.0-top_p=0.9-sample_count=100.csv
213,54.460093896713616,0.7133914526042338,0.5541304160247935,prediction_SOL_15min-model=kronos-mini-lookback=312-pred_len=1-temperature=0.8-top_p=0.92-sample_count=100.csv
213,54.460093896713616,0.7149084207973743,0.5523917043766531,prediction_SOL_15min-model=kronos-mini-lookback=312-pred_len=1-temperature=0.9-top_p=0.92-sample_count=100.csv
213,54.460093896713616,0.7170624122542204,0.5556328551386427,prediction_SOL_15min-model=kronos-mini-lookback=312-pred_len=1-temperature=0.8-top_p=0.9-sample_count=100.csv
213,54.460093896713616,0.8676897808193664,0.6775562644421209,prediction_SOL_15min-model=kronos-mini-lookback=312-pred_len=1-temperature=1.0-top_p=1.0-sample_count=2.csv
213,54.460093896713616,0.8996480419467348,0.6958783199686405,prediction_SOL_15min-model=kronos-mini-lookback=312-pred_len=1-temperature=1.1-top_p=0.98-sample_count=2.csv
309,54.36893203883495,0.8031657905235136,0.6156248948378088,prediction_SOL_15min-model=kronos-mini-lookback=216-pred_len=1-temperature=0.9-top_p=0.94-sample_count=2.csv
309,54.36893203883495,0.8036869814830786,0.6287029476227477,prediction_SOL_15min-model=kronos-mini-lookback=216-pred_len=1-temperature=1.1-top_p=0.9-sample_count=2.csv
405,54.32098765432099,0.7571430237858465,0.5828490145761007,prediction_SOL_15min-model=kronos-mini-lookback=120-pred_len=1-temperature=1.0-top_p=0.9-sample_count=2.csv
501,54.091816367265466,0.7185712707985232,0.5488142244807264,prediction_SOL_15min-model=kronos-mini-lookback=24-pred_len=1-temperature=1.2-top_p=0.96-sample_count=100.csv
309,54.0453074433657,0.694671303483246,0.5442697305920063,prediction_SOL_15min-model=kronos-mini-lookback=216-pred_len=1-temperature=0.8-top_p=1.0-sample_count=100.csv
309,54.0453074433657,0.8609712647967541,0.6581649983723948,prediction_SOL_15min-model=kronos-mini-lookback=216-pred_len=1-temperature=1.2-top_p=0.98-sample_count=2.csv
213,53.990610328638496,0.7074628679063549,0.5504191896823626,prediction_SOL_15min-model=kronos-mini-lookback=312-pred_len=1-temperature=1.0-top_p=1.0-sample_count=100.csv
213,53.990610328638496,0.7098507295823462,0.5490372517330526,prediction_SOL_15min-model=kronos-mini-lookback=312-pred_len=1-temperature=1.2-top_p=0.94-sample_count=100.csv
213,53.990610328638496,0.7109171128202266,0.553550659408927,prediction_SOL_15min-model=kronos-mini-lookback=312-pred_len=1-temperature=1.0-top_p=0.94-sample_count=100.csv
213,53.990610328638496,0.7115963116752132,0.5521023570459201,prediction_SOL_15min-model=kronos-mini-lookback=312-pred_len=1-temperature=0.9-top_p=0.94-sample_count=100.csv
213,53.990610328638496,0.722242472545726,0.5599379226039838,prediction_SOL_15min-model=kronos-mini-lookback=312-pred_len=1-temperature=1.1-top_p=1.0-sample_count=100.csv
213,53.990610328638496,0.8105745673828793,0.625753833695531,prediction_SOL_15min-model=kronos-mini-lookback=312-pred_len=1-temperature=1.0-top_p=0.94-sample_count=2.csv
213,53.990610328638496,0.8338449518103446,0.6502790662595365,prediction_SOL_15min-model=kronos-mini-lookback=312-pred_len=1-temperature=0.8-top_p=1.0-sample_count=2.csv
213,53.990610328638496,0.843621695171524,0.6614021533661623,prediction_SOL_15min-model=kronos-mini-lookback=312-pred_len=1-temperature=1.0-top_p=0.96-sample_count=2.csv
117,53.84615384615385,0.7611447904007397,0.6026816272702987,prediction_SOL_15min-model=kronos-mini-lookback=408-pred_len=1-temperature=1.1-top_p=1.0-sample_count=100.csv
117,53.84615384615385,0.8773195855329382,0.6763349262987455,prediction_SOL_15min-model=kronos-mini-lookback=408-pred_len=1-temperature=1.1-top_p=0.94-sample_count=2.csv
117,53.84615384615385,0.9081629732717651,0.7265762044270827,prediction_SOL_15min-model=kronos-mini-lookback=408-pred_len=1-temperature=1.2-top_p=0.92-sample_count=2.csv
117,53.84615384615385,0.9807199200773666,0.7662335603632475,prediction_SOL_15min-model=kronos-mini-lookback=408-pred_len=1-temperature=1.2-top_p=0.98-sample_count=2.csv
309,53.72168284789643,0.6866137639675989,0.5365863023677707,prediction_SOL_15min-model=kronos-mini-lookback=216-pred_len=1-temperature=1.1-top_p=0.98-sample_count=100.csv
501,53.69261477045908,0.7085990156384143,0.5385965769145302,prediction_SOL_15min-model=kronos-mini-lookback=24-pred_len=1-temperature=0.8-top_p=1.0-sample_count=100.csv
501,53.69261477045908,0.7667630131239326,0.5737972386769434,prediction_SOL_15min-model=kronos-mini-lookback=24-pred_len=1-temperature=0.9-top_p=0.96-sample_count=2.csv
213,53.52112676056338,0.7097700514107093,0.5552772081545236,prediction_SOL_15min-model=kronos-mini-lookback=312-pred_len=1-temperature=1.1-top_p=0.96-sample_count=100.csv
213,53.52112676056338,0.709816201520612,0.5532435780699826,prediction_SOL_15min-model=kronos-mini-lookback=312-pred_len=1-temperature=1.1-top_p=0.92-sample_count=100.csv
501,53.49301397205589,0.715765122894232,0.5443884957136512,prediction_SOL_15min-model=kronos-mini-lookback=24-pred_len=1-temperature=1.0-top_p=0.96-sample_count=100.csv
501,53.49301397205589,0.7158459495924839,0.5429432663481633,prediction_SOL_15min-model=kronos-mini-lookback=24-pred_len=1-temperature=1.1-top_p=0.92-sample_count=100.csv
501,53.49301397205589,0.7192267112768735,0.5464658715284281,prediction_SOL_15min-model=kronos-mini-lookback=24-pred_len=1-temperature=1.2-top_p=0.98-sample_count=100.csv
501,53.293413173652695,0.7050192730209047,0.5382148791284618,prediction_SOL_15min-model=kronos-mini-lookback=24-pred_len=1-temperature=0.9-top_p=0.96-sample_count=100.csv
501,53.293413173652695,0.7106644911921108,0.5413931395509757,prediction_SOL_15min-model=kronos-mini-lookback=24-pred_len=1-temperature=0.9-top_p=1.0-sample_count=100.csv
501,53.293413173652695,0.8155677422035833,0.6142057233189872,prediction_SOL_15min-model=kronos-mini-lookback=24-pred_len=1-temperature=1.1-top_p=1.0-sample_count=2.csv
501,53.093812375249506,0.750969928238747,0.5704241562285572,prediction_SOL_15min-model=kronos-mini-lookback=24-pred_len=1-temperature=0.8-top_p=0.96-sample_count=2.csv
501,53.093812375249506,0.7709311726602857,0.5900531768494259,prediction_SOL_15min-model=kronos-mini-lookback=24-pred_len=1-temperature=1.0-top_p=1.0-sample_count=2.csv
309,53.07443365695793,0.8241655271264291,0.6526131831196902,prediction_SOL_15min-model=kronos-mini-lookback=216-pred_len=1-temperature=1.1-top_p=0.98-sample_count=2.csv
213,53.051643192488264,0.6957640019810873,0.5411504172168426,prediction_SOL_15min-model=kronos-mini-lookback=312-pred_len=1-temperature=1.2-top_p=0.98-sample_count=100.csv
213,53.051643192488264,0.7081652080181975,0.5502835225709692,prediction_SOL_15min-model=kronos-mini-lookback=312-pred_len=1-temperature=1.2-top_p=0.9-sample_count=100.csv
213,53.051643192488264,0.714703925325555,0.5551845309978352,prediction_SOL_15min-model=kronos-mini-lookback=312-pred_len=1-temperature=1.0-top_p=0.96-sample_count=100.csv
213,53.051643192488264,0.8061932234923935,0.6283988275518984,prediction_SOL_15min-model=kronos-mini-lookback=312-pred_len=1-temperature=0.9-top_p=0.94-sample_count=2.csv
213,53.051643192488264,0.8389950628336085,0.6225873335717426,prediction_SOL_15min-model=kronos-mini-lookback=312-pred_len=1-temperature=0.9-top_p=0.9-sample_count=2.csv
213,53.051643192488264,0.913364131629138,0.7099219062912615,prediction_SOL_15min-model=kronos-mini-lookback=312-pred_len=1-temperature=0.9-top_p=1.0-sample_count=2.csv
117,52.991452991452995,0.7667553365915019,0.6036635264339664,prediction_SOL_15min-model=kronos-mini-lookback=408-pred_len=1-temperature=1.2-top_p=1.0-sample_count=100.csv
117,52.991452991452995,0.7831897586985559,0.6201190354567311,prediction_SOL_15min-model=kronos-mini-lookback=408-pred_len=1-temperature=1.0-top_p=0.98-sample_count=100.csv
117,52.991452991452995,0.8543770721129959,0.6883638542501329,prediction_SOL_15min-model=kronos-mini-lookback=408-pred_len=1-temperature=0.9-top_p=0.9-sample_count=2.csv
117,52.991452991452995,0.9066094261794032,0.6914346107939353,prediction_SOL_15min-model=kronos-mini-lookback=408-pred_len=1-temperature=1.0-top_p=0.94-sample_count=2.csv
117,52.991452991452995,0.9192985932947301,0.7266132470285772,prediction_SOL_15min-model=kronos-mini-lookback=408-pred_len=1-temperature=0.8-top_p=0.9-sample_count=2.csv
501,52.8942115768463,0.7194440528791326,0.5493182806749781,prediction_SOL_15min-model=kronos-mini-lookback=24-pred_len=1-temperature=1.2-top_p=0.94-sample_count=100.csv
405,52.8395061728395,0.7338678581071931,0.5609306102309992,prediction_SOL_15min-model=kronos-mini-lookback=120-pred_len=1-temperature=1.1-top_p=0.92-sample_count=2.csv
309,52.75080906148867,0.6841914012580728,0.5367634572050703,prediction_SOL_15min-model=kronos-mini-lookback=216-pred_len=1-temperature=1.1-top_p=1.0-sample_count=100.csv
309,52.75080906148867,0.6932727912027018,0.5480989573852164,prediction_SOL_15min-model=kronos-mini-lookback=216-pred_len=1-temperature=0.8-top_p=0.92-sample_count=100.csv
309,52.75080906148867,0.812158451721352,0.6610211650169385,prediction_SOL_15min-model=kronos-mini-lookback=216-pred_len=1-temperature=1.1-top_p=0.96-sample_count=2.csv
501,52.69461077844312,0.7083474782936188,0.5389694249684223,prediction_SOL_15min-model=kronos-mini-lookback=24-pred_len=1-temperature=1.1-top_p=0.9-sample_count=100.csv
501,52.69461077844312,0.7519504747663048,0.5765544255726838,prediction_SOL_15min-model=kronos-mini-lookback=24-pred_len=1-temperature=0.8-top_p=0.98-sample_count=2.csv
213,52.58215962441315,0.7063458812647981,0.5475200277838894,prediction_SOL_15min-model=kronos-mini-lookback=312-pred_len=1-temperature=1.1-top_p=0.98-sample_count=100.csv
213,52.58215962441315,0.7078770014979615,0.5521712047021698,prediction_SOL_15min-model=kronos-mini-lookback=312-pred_len=1-temperature=1.2-top_p=0.92-sample_count=100.csv
213,52.58215962441315,0.708262183076424,0.5547079025913282,prediction_SOL_15min-model=kronos-mini-lookback=312-pred_len=1-temperature=1.0-top_p=0.92-sample_count=100.csv
213,52.58215962441315,0.7088717726237717,0.5518641846849294,prediction_SOL_15min-model=kronos-mini-lookback=312-pred_len=1-temperature=1.1-top_p=0.94-sample_count=100.csv
213,52.58215962441315,0.7089345042517462,0.5550284168225476,prediction_SOL_15min-model=kronos-mini-lookback=312-pred_len=1-temperature=1.0-top_p=0.98-sample_count=100.csv
213,52.58215962441315,0.8089654431045745,0.6377536327666516,prediction_SOL_15min-model=kronos-mini-lookback=312-pred_len=1-temperature=0.8-top_p=0.9-sample_count=2.csv
501,52.49500998003992,0.7079596326435615,0.5385787662955326,prediction_SOL_15min-model=kronos-mini-lookback=24-pred_len=1-temperature=0.8-top_p=0.94-sample_count=100.csv
501,52.49500998003992,0.708725070389805,0.5387403698462446,prediction_SOL_15min-model=kronos-mini-lookback=24-pred_len=1-temperature=0.8-top_p=0.9-sample_count=100.csv
501,52.49500998003992,0.7121241329225717,0.5419718668619802,prediction_SOL_15min-model=kronos-mini-lookback=24-pred_len=1-temperature=1.1-top_p=0.94-sample_count=100.csv
501,52.49500998003992,0.7410135913001807,0.5612808176615518,prediction_SOL_15min-model=kronos-mini-lookback=24-pred_len=1-temperature=0.8-top_p=0.92-sample_count=2.csv
501,52.49500998003992,0.7958962603072328,0.5943968467362138,prediction_SOL_15min-model=kronos-mini-lookback=24-pred_len=1-temperature=1.1-top_p=0.9-sample_count=2.csv
309,52.42718446601942,0.7000169660759908,0.550033049292703,prediction_SOL_15min-model=kronos-mini-lookback=216-pred_len=1-temperature=0.8-top_p=0.94-sample_count=100.csv
21,52.38095238095239,0.7079214408476269,0.6219988548642122,prediction_SOL_15min-model=kronos-mini-lookback=504-pred_len=1-temperature=1.2-top_p=0.92-sample_count=100.csv
21,52.38095238095239,0.7447290677151969,0.6336645624069964,prediction_SOL_15min-model=kronos-mini-lookback=504-pred_len=1-temperature=1.0-top_p=1.0-sample_count=100.csv
21,52.38095238095239,0.7448270930235372,0.6117032819475439,prediction_SOL_15min-model=kronos-mini-lookback=504-pred_len=1-temperature=0.8-top_p=0.9-sample_count=2.csv
21,52.38095238095239,0.756658777927733,0.6446218261718787,prediction_SOL_15min-model=kronos-mini-lookback=504-pred_len=1-temperature=1.1-top_p=0.92-sample_count=100.csv
21,52.38095238095239,0.7764660292453661,0.649086111886159,prediction_SOL_15min-model=kronos-mini-lookback=504-pred_len=1-temperature=0.9-top_p=0.9-sample_count=100.csv
21,52.38095238095239,0.7938325769410579,0.6671510649181598,prediction_SOL_15min-model=kronos-mini-lookback=504-pred_len=1-temperature=0.9-top_p=0.92-sample_count=100.csv
21,52.38095238095239,0.8317341617461894,0.6711639113653296,prediction_SOL_15min-model=kronos-mini-lookback=504-pred_len=1-temperature=0.9-top_p=0.94-sample_count=2.csv
21,52.38095238095239,0.8607117421060676,0.7065636742001538,prediction_SOL_15min-model=kronos-mini-lookback=504-pred_len=1-temperature=0.9-top_p=0.9-sample_count=2.csv
21,52.38095238095239,0.9234533090932041,0.7577846563430098,prediction_SOL_15min-model=kronos-mini-lookback=504-pred_len=1-temperature=1.0-top_p=1.0-sample_count=2.csv
21,52.38095238095239,0.9296882177520915,0.7887244175502282,prediction_SOL_15min-model=kronos-mini-lookback=504-pred_len=1-temperature=0.8-top_p=0.92-sample_count=2.csv
21,52.38095238095239,0.9322652589450696,0.7623052164713586,prediction_SOL_15min-model=kronos-mini-lookback=504-pred_len=1-temperature=1.2-top_p=0.98-sample_count=2.csv
405,52.345679012345684,0.7561919192190983,0.5816926392505789,prediction_SOL_15min-model=kronos-mini-lookback=120-pred_len=1-temperature=1.1-top_p=0.96-sample_count=2.csv
501,52.29540918163673,0.7075785698329602,0.5388790962995874,prediction_SOL_15min-model=kronos-mini-lookback=24-pred_len=1-temperature=0.8-top_p=0.98-sample_count=100.csv
501,52.29540918163673,0.7109677875866712,0.5410027187324576,prediction_SOL_15min-model=kronos-mini-lookback=24-pred_len=1-temperature=1.0-top_p=0.9-sample_count=100.csv
501,52.29540918163673,0.7171677351269168,0.5452454639061725,prediction_SOL_15min-model=kronos-mini-lookback=24-pred_len=1-temperature=1.2-top_p=0.9-sample_count=100.csv
501,52.29540918163673,0.72021785845499,0.5468858528548363,prediction_SOL_15min-model=kronos-mini-lookback=24-pred_len=1-temperature=1.1-top_p=0.98-sample_count=100.csv
501,52.29540918163673,0.7571884982936262,0.5807018127319582,prediction_SOL_15min-model=kronos-mini-lookback=24-pred_len=1-temperature=0.9-top_p=0.98-sample_count=2.csv
117,52.13675213675214,0.8829373669559523,0.7020775826739444,prediction_SOL_15min-model=kronos-mini-lookback=408-pred_len=1-temperature=1.0-top_p=1.0-sample_count=2.csv
117,52.13675213675214,0.8882783454839162,0.6969018275073445,prediction_SOL_15min-model=kronos-mini-lookback=408-pred_len=1-temperature=1.1-top_p=0.98-sample_count=2.csv
117,52.13675213675214,0.890374032900989,0.6917417046440988,prediction_SOL_15min-model=kronos-mini-lookback=408-pred_len=1-temperature=0.9-top_p=1.0-sample_count=2.csv
117,52.13675213675214,0.9016556775751671,0.7022524462055973,prediction_SOL_15min-model=kronos-mini-lookback=408-pred_len=1-temperature=1.2-top_p=0.9-sample_count=2.csv
309,52.103559870550164,0.6924611899041783,0.5380268750632089,prediction_SOL_15min-model=kronos-mini-lookback=216-pred_len=1-temperature=1.0-top_p=1.0-sample_count=100.csv
309,52.103559870550164,0.7633455006385028,0.6002753780624238,prediction_SOL_15min-model=kronos-mini-lookback=216-pred_len=1-temperature=1.0-top_p=0.98-sample_count=2.csv
309,52.103559870550164,0.7690976345390735,0.6139265026104858,prediction_SOL_15min-model=kronos-mini-lookback=216-pred_len=1-temperature=1.0-top_p=0.9-sample_count=2.csv
501,52.09580838323353,0.70672417773855,0.5398925157497517,prediction_SOL_15min-model=kronos-mini-lookback=24-pred_len=1-temperature=0.9-top_p=0.94-sample_count=100.csv
501,52.09580838323353,0.708969266886707,0.5385293365904902,prediction_SOL_15min-model=kronos-mini-lookback=24-pred_len=1-temperature=0.9-top_p=0.98-sample_count=100.csv
501,52.09580838323353,0.7151198517552797,0.5459046094822066,prediction_SOL_15min-model=kronos-mini-lookback=24-pred_len=1-temperature=1.1-top_p=0.96-sample_count=100.csv
501,52.09580838323353,0.7642788295999688,0.5808665944965531,prediction_SOL_15min-model=kronos-mini-lookback=24-pred_len=1-temperature=0.8-top_p=0.94-sample_count=2.csv
501,52.09580838323353,0.7911072399422164,0.5946197282680736,prediction_SOL_15min-model=kronos-mini-lookback=24-pred_len=1-temperature=1.2-top_p=0.9-sample_count=2.csv
501,52.09580838323353,0.7969808508707941,0.6051214598634773,prediction_SOL_15min-model=kronos-mini-lookback=24-pred_len=1-temperature=1.2-top_p=0.98-sample_count=2.csv
501,51.896207584830336,0.7043328592944452,0.5383725902686823,prediction_SOL_15min-model=kronos-mini-lookback=24-pred_len=1-temperature=1.0-top_p=0.92-sample_count=100.csv
501,51.896207584830336,0.7086651814458698,0.5398282570600991,prediction_SOL_15min-model=kronos-mini-lookback=24-pred_len=1-temperature=0.8-top_p=0.96-sample_count=100.csv
501,51.896207584830336,0.7107898865584759,0.5401196932307255,prediction_SOL_15min-model=kronos-mini-lookback=24-pred_len=1-temperature=0.8-top_p=0.92-sample_count=100.csv
501,51.896207584830336,0.7118510698640087,0.5422157258237426,prediction_SOL_15min-model=kronos-mini-lookback=24-pred_len=1-temperature=1.0-top_p=1.0-sample_count=100.csv
501,51.896207584830336,0.71209343902104,0.5423307028521084,prediction_SOL_15min-model=kronos-mini-lookback=24-pred_len=1-temperature=1.0-top_p=0.94-sample_count=100.csv
501,51.896207584830336,0.7752261258753879,0.5921706762256751,prediction_SOL_15min-model=kronos-mini-lookback=24-pred_len=1-temperature=1.1-top_p=0.92-sample_count=2.csv
309,51.7799352750809,0.689249351559777,0.5456899096442648,prediction_SOL_15min-model=kronos-mini-lookback=216-pred_len=1-temperature=1.0-top_p=0.92-sample_count=100.csv
309,51.7799352750809,0.6907242341117363,0.5413154196532403,prediction_SOL_15min-model=kronos-mini-lookback=216-pred_len=1-temperature=0.9-top_p=0.96-sample_count=100.csv
309,51.7799352750809,0.699220121572774,0.5489206746814334,prediction_SOL_15min-model=kronos-mini-lookback=216-pred_len=1-temperature=0.9-top_p=0.94-sample_count=100.csv
309,51.7799352750809,0.7015274316751696,0.5539355064219259,prediction_SOL_15min-model=kronos-mini-lookback=216-pred_len=1-temperature=0.8-top_p=0.98-sample_count=100.csv
501,51.69660678642715,0.7099350575204842,0.5406850121046965,prediction_SOL_15min-model=kronos-mini-lookback=24-pred_len=1-temperature=1.0-top_p=0.98-sample_count=100.csv
501,51.69660678642715,0.718218801692219,0.5449541922015344,prediction_SOL_15min-model=kronos-mini-lookback=24-pred_len=1-temperature=1.1-top_p=1.0-sample_count=100.csv
501,51.69660678642715,0.7771021499486855,0.5917564334709489,prediction_SOL_15min-model=kronos-mini-lookback=24-pred_len=1-temperature=1.2-top_p=0.92-sample_count=2.csv
213,51.64319248826291,0.7141301866213592,0.5500016582077097,prediction_SOL_15min-model=kronos-mini-lookback=312-pred_len=1-temperature=0.8-top_p=0.98-sample_count=100.csv
213,51.64319248826291,0.7986947305339225,0.6306018203950237,prediction_SOL_15min-model=kronos-mini-lookback=312-pred_len=1-temperature=0.9-top_p=0.92-sample_count=2.csv
213,51.64319248826291,0.8059126006665289,0.629550288040086,prediction_SOL_15min-model=kronos-mini-lookback=312-pred_len=1-temperature=0.8-top_p=0.92-sample_count=2.csv
213,51.64319248826291,0.9059819313828034,0.6946427440947756,prediction_SOL_15min-model=kronos-mini-lookback=312-pred_len=1-temperature=1.1-top_p=1.0-sample_count=2.csv
405,51.60493827160494,0.7385979541942416,0.565699672610439,prediction_SOL_15min-model=kronos-mini-lookback=120-pred_len=1-temperature=0.8-top_p=0.96-sample_count=2.csv
405,51.60493827160494,0.7887982574658875,0.6147511191285687,prediction_SOL_15min-model=kronos-mini-lookback=120-pred_len=1-temperature=1.2-top_p=1.0-sample_count=2.csv
501,51.49700598802395,0.7870730861851031,0.608044018944533,prediction_SOL_15min-model=kronos-mini-lookback=24-pred_len=1-temperature=1.2-top_p=0.96-sample_count=2.csv
501,51.49700598802395,0.8232431725002056,0.6201056068527011,prediction_SOL_15min-model=kronos-mini-lookback=24-pred_len=1-temperature=1.2-top_p=1.0-sample_count=2.csv
309,51.45631067961165,0.6825195776933546,0.5346859271497006,prediction_SOL_15min-model=kronos-mini-lookback=216-pred_len=1-temperature=1.2-top_p=0.92-sample_count=100.csv
309,51.45631067961165,0.6954565051190661,0.5502707186109426,prediction_SOL_15min-model=kronos-mini-lookback=216-pred_len=1-temperature=0.9-top_p=0.98-sample_count=100.csv
309,51.45631067961165,0.698174389011223,0.5510235238578327,prediction_SOL_15min-model=kronos-mini-lookback=216-pred_len=1-temperature=1.0-top_p=0.9-sample_count=100.csv
309,51.45631067961165,0.7704656775547168,0.6075692410465955,prediction_SOL_15min-model=kronos-mini-lookback=216-pred_len=1-temperature=0.9-top_p=0.9-sample_count=2.csv
309,51.45631067961165,0.7771158376947008,0.6225995675787582,prediction_SOL_15min-model=kronos-mini-lookback=216-pred_len=1-temperature=1.0-top_p=0.92-sample_count=2.csv
309,51.45631067961165,0.7932838599908664,0.632968345785295,prediction_SOL_15min-model=kronos-mini-lookback=216-pred_len=1-temperature=1.0-top_p=0.96-sample_count=2.csv
309,51.45631067961165,0.8026531851709866,0.6137958103414495,prediction_SOL_15min-model=kronos-mini-lookback=216-pred_len=1-temperature=1.0-top_p=1.0-sample_count=2.csv
309,51.45631067961165,0.8250017273166096,0.6475959701784975,prediction_SOL_15min-model=kronos-mini-lookback=216-pred_len=1-temperature=1.2-top_p=1.0-sample_count=2.csv
501,51.29740518962076,0.7166581869691803,0.5422748158955533,prediction_SOL_15min-model=kronos-mini-lookback=24-pred_len=1-temperature=1.2-top_p=0.92-sample_count=100.csv
501,51.29740518962076,0.7648215097965095,0.5898738466913835,prediction_SOL_15min-model=kronos-mini-lookback=24-pred_len=1-temperature=1.0-top_p=0.98-sample_count=2.csv
501,51.29740518962076,0.7949329904696005,0.6068395620380312,prediction_SOL_15min-model=kronos-mini-lookback=24-pred_len=1-temperature=0.9-top_p=1.0-sample_count=2.csv
117,51.28205128205128,0.9545433795714998,0.7567832701071685,prediction_SOL_15min-model=kronos-mini-lookback=408-pred_len=1-temperature=1.1-top_p=0.9-sample_count=2.csv
213,51.173708920187785,0.8248743223575069,0.622905514139523,prediction_SOL_15min-model=kronos-mini-lookback=312-pred_len=1-temperature=0.8-top_p=0.96-sample_count=2.csv
213,51.173708920187785,0.8394064569949108,0.6553099141725333,prediction_SOL_15min-model=kronos-mini-lookback=312-pred_len=1-temperature=0.9-top_p=0.96-sample_count=2.csv
213,51.173708920187785,0.893244648435241,0.7090143914594295,prediction_SOL_15min-model=kronos-mini-lookback=312-pred_len=1-temperature=1.2-top_p=0.92-sample_count=2.csv
213,51.173708920187785,0.9290051166885707,0.6963021484374976,prediction_SOL_15min-model=kronos-mini-lookback=312-pred_len=1-temperature=1.2-top_p=0.96-sample_count=2.csv
309,51.1326860841424,0.6919044157422213,0.5473828870063452,prediction_SOL_15min-model=kronos-mini-lookback=216-pred_len=1-temperature=0.9-top_p=1.0-sample_count=100.csv
309,51.1326860841424,0.6942379755835739,0.543703157236046,prediction_SOL_15min-model=kronos-mini-lookback=216-pred_len=1-temperature=1.1-top_p=0.9-sample_count=100.csv
309,51.1326860841424,0.6951049070775353,0.5438307862908328,prediction_SOL_15min-model=kronos-mini-lookback=216-pred_len=1-temperature=1.2-top_p=0.96-sample_count=100.csv
501,50.898203592814376,0.753860690230336,0.5784000564788397,prediction_SOL_15min-model=kronos-mini-lookback=24-pred_len=1-temperature=0.9-top_p=0.9-sample_count=2.csv
309,50.80906148867314,0.6940358141318121,0.5469106384474861,prediction_SOL_15min-model=kronos-mini-lookback=216-pred_len=1-temperature=1.2-top_p=0.94-sample_count=100.csv
309,50.80906148867314,0.6941335081475968,0.5468012002395563,prediction_SOL_15min-model=kronos-mini-lookback=216-pred_len=1-temperature=0.9-top_p=0.9-sample_count=100.csv
309,50.80906148867314,0.698721869672481,0.5505272223117663,prediction_SOL_15min-model=kronos-mini-lookback=216-pred_len=1-temperature=0.9-top_p=0.92-sample_count=100.csv
501,50.69860279441117,0.7069716490246168,0.5390771805997381,prediction_SOL_15min-model=kronos-mini-lookback=24-pred_len=1-temperature=0.9-top_p=0.9-sample_count=100.csv
501,50.69860279441117,0.7677401614102866,0.5870833961471589,prediction_SOL_15min-model=kronos-mini-lookback=24-pred_len=1-temperature=0.8-top_p=1.0-sample_count=2.csv
501,50.69860279441117,0.7677856434490937,0.5807695177516063,prediction_SOL_15min-model=kronos-mini-lookback=24-pred_len=1-temperature=0.9-top_p=0.94-sample_count=2.csv
501,50.69860279441117,0.7832373659789984,0.5921444622473798,prediction_SOL_15min-model=kronos-mini-lookback=24-pred_len=1-temperature=1.0-top_p=0.94-sample_count=2.csv
501,50.69860279441117,0.799185695363939,0.6022944167816725,prediction_SOL_15min-model=kronos-mini-lookback=24-pred_len=1-temperature=1.0-top_p=0.96-sample_count=2.csv
405,50.617283950617285,0.7904549487018714,0.61561697561005,prediction_SOL_15min-model=kronos-mini-lookback=120-pred_len=1-temperature=1.2-top_p=0.96-sample_count=2.csv
309,50.48543689320388,0.6851960948088137,0.5380739878830404,prediction_SOL_15min-model=kronos-mini-lookback=216-pred_len=1-temperature=1.0-top_p=0.96-sample_count=100.csv
309,50.48543689320388,0.6890011879902638,0.543791153339275,prediction_SOL_15min-model=kronos-mini-lookback=216-pred_len=1-temperature=1.1-top_p=0.92-sample_count=100.csv
309,50.48543689320388,0.6924337065055742,0.5469719256453524,prediction_SOL_15min-model=kronos-mini-lookback=216-pred_len=1-temperature=0.8-top_p=0.96-sample_count=100.csv
309,50.48543689320388,0.6951016576652023,0.5464513949199774,prediction_SOL_15min-model=kronos-mini-lookback=216-pred_len=1-temperature=1.2-top_p=1.0-sample_count=100.csv
309,50.48543689320388,0.7986276690464719,0.6271948023330044,prediction_SOL_15min-model=kronos-mini-lookback=216-pred_len=1-temperature=0.8-top_p=0.92-sample_count=2.csv
309,50.48543689320388,0.8043266235448548,0.6194329205855602,prediction_SOL_15min-model=kronos-mini-lookback=216-pred_len=1-temperature=0.9-top_p=0.96-sample_count=2.csv
309,50.48543689320388,0.8101732905992858,0.6181306857902259,prediction_SOL_15min-model=kronos-mini-lookback=216-pred_len=1-temperature=1.1-top_p=0.94-sample_count=2.csv
309,50.48543689320388,0.8294638748466128,0.6358617585709936,prediction_SOL_15min-model=kronos-mini-lookback=216-pred_len=1-temperature=1.2-top_p=0.94-sample_count=2.csv
117,50.427350427350426,0.8536119913524928,0.6841291021885006,prediction_SOL_15min-model=kronos-mini-lookback=408-pred_len=1-temperature=0.8-top_p=0.96-sample_count=2.csv
117,50.427350427350426,0.8918051873507435,0.7308590513571724,prediction_SOL_15min-model=kronos-mini-lookback=408-pred_len=1-temperature=0.9-top_p=0.98-sample_count=2.csv
117,50.427350427350426,0.8989877501596978,0.7146416848207128,prediction_SOL_15min-model=kronos-mini-lookback=408-pred_len=1-temperature=0.9-top_p=0.94-sample_count=2.csv
117,50.427350427350426,1.166187935234829,0.8592732839209367,prediction_SOL_15min-model=kronos-mini-lookback=408-pred_len=1-temperature=1.2-top_p=1.0-sample_count=2.csv
405,50.37037037037037,0.738565252675154,0.568097890323592,prediction_SOL_15min-model=kronos-mini-lookback=120-pred_len=1-temperature=1.0-top_p=0.98-sample_count=2.csv
405,50.37037037037037,0.7969385314787092,0.6252584214650851,prediction_SOL_15min-model=kronos-mini-lookback=120-pred_len=1-temperature=0.9-top_p=1.0-sample_count=2.csv
501,50.29940119760479,0.7560019372445949,0.5710172502163648,prediction_SOL_15min-model=kronos-mini-lookback=24-pred_len=1-temperature=0.9-top_p=0.92-sample_count=2.csv
309,50.161812297734635,0.6955971322205335,0.5462232052108607,prediction_SOL_15min-model=kronos-mini-lookback=216-pred_len=1-temperature=1.0-top_p=0.94-sample_count=100.csv
309,50.161812297734635,0.6961413480504204,0.5501643305806281,prediction_SOL_15min-model=kronos-mini-lookback=216-pred_len=1-temperature=0.8-top_p=0.9-sample_count=100.csv
309,50.161812297734635,0.8059497643496841,0.6153545657457263,prediction_SOL_15min-model=kronos-mini-lookback=216-pred_len=1-temperature=1.2-top_p=0.96-sample_count=2.csv
309,50.161812297734635,0.8273718937562308,0.6312246791407512,prediction_SOL_15min-model=kronos-mini-lookback=216-pred_len=1-temperature=0.8-top_p=0.98-sample_count=2.csv
405,50.123456790123456,0.7389759899632945,0.570343878098475,prediction_SOL_15min-model=kronos-mini-lookback=120-pred_len=1-temperature=0.8-top_p=1.0-sample_count=2.csv
405,50.123456790123456,0.7431868129209046,0.5687901043475121,prediction_SOL_15min-model=kronos-mini-lookback=120-pred_len=1-temperature=0.9-top_p=0.98-sample_count=2.csv
405,50.123456790123456,0.7527859253212243,0.5877188488618809,prediction_SOL_15min-model=kronos-mini-lookback=120-pred_len=1-temperature=1.1-top_p=0.9-sample_count=2.csv
501,50.0998003992016,0.7684615611431487,0.5771984087001784,prediction_SOL_15min-model=kronos-mini-lookback=24-pred_len=1-temperature=1.1-top_p=0.94-sample_count=2.csv
501,50.0998003992016,0.82362785077886,0.6164295271273863,prediction_SOL_15min-model=kronos-mini-lookback=24-pred_len=1-temperature=1.2-top_p=0.94-sample_count=2.csv
405,49.876543209876544,0.7501082397553158,0.5710038033492479,prediction_SOL_15min-model=kronos-mini-lookback=120-pred_len=1-temperature=0.9-top_p=0.96-sample_count=2.csv
309,49.83818770226537,0.69655275021925,0.5441886336342024,prediction_SOL_15min-model=kronos-mini-lookback=216-pred_len=1-temperature=1.1-top_p=0.94-sample_count=100.csv
309,49.83818770226537,0.8021944545040226,0.6355686100734469,prediction_SOL_15min-model=kronos-mini-lookback=216-pred_len=1-temperature=0.9-top_p=0.92-sample_count=2.csv
309,49.83818770226537,0.8099408063925246,0.6539726378406903,prediction_SOL_15min-model=kronos-mini-lookback=216-pred_len=1-temperature=1.2-top_p=0.92-sample_count=2.csv
213,49.76525821596244,0.8298631389620723,0.6529322962514665,prediction_SOL_15min-model=kronos-mini-lookback=312-pred_len=1-temperature=1.0-top_p=0.92-sample_count=2.csv
213,49.76525821596244,0.9632226380081936,0.7375792549240743,prediction_SOL_15min-model=kronos-mini-lookback=312-pred_len=1-temperature=1.2-top_p=1.0-sample_count=2.csv
405,49.629629629629626,0.7402073055572435,0.5703628068335267,prediction_SOL_15min-model=kronos-mini-lookback=120-pred_len=1-temperature=0.9-top_p=0.92-sample_count=2.csv
117,49.572649572649574,0.9057989992365743,0.7100431302584144,prediction_SOL_15min-model=kronos-mini-lookback=408-pred_len=1-temperature=1.1-top_p=0.92-sample_count=2.csv
117,49.572649572649574,0.9186980446335544,0.7258766038161031,prediction_SOL_15min-model=kronos-mini-lookback=408-pred_len=1-temperature=1.0-top_p=0.96-sample_count=2.csv
117,49.572649572649574,0.9409414294703782,0.7280440655048083,prediction_SOL_15min-model=kronos-mini-lookback=408-pred_len=1-temperature=1.1-top_p=1.0-sample_count=2.csv
309,49.51456310679612,0.6864186318129468,0.537975184804181,prediction_SOL_15min-model=kronos-mini-lookback=216-pred_len=1-temperature=1.2-top_p=0.98-sample_count=100.csv
309,49.51456310679612,0.6884949298254945,0.5359301973509568,prediction_SOL_15min-model=kronos-mini-lookback=216-pred_len=1-temperature=1.1-top_p=0.96-sample_count=100.csv
309,49.51456310679612,0.8118159948515041,0.6385229435300379,prediction_SOL_15min-model=kronos-mini-lookback=216-pred_len=1-temperature=1.2-top_p=0.9-sample_count=2.csv
309,49.51456310679612,0.8152760165826389,0.6236523902078266,prediction_SOL_15min-model=kronos-mini-lookback=216-pred_len=1-temperature=1.0-top_p=0.94-sample_count=2.csv
405,49.382716049382715,0.7836308195513493,0.6028727734375,prediction_SOL_15min-model=kronos-mini-lookback=120-pred_len=1-temperature=1.0-top_p=1.0-sample_count=2.csv
405,49.382716049382715,0.7851760291917517,0.6139885894700047,prediction_SOL_15min-model=kronos-mini-lookback=120-pred_len=1-temperature=1.1-top_p=0.94-sample_count=2.csv
213,49.29577464788733,0.8840333554898089,0.6863166489005641,prediction_SOL_15min-model=kronos-mini-lookback=312-pred_len=1-temperature=1.2-top_p=0.94-sample_count=2.csv
213,49.29577464788733,0.9054674404822082,0.7328063554504097,prediction_SOL_15min-model=kronos-mini-lookback=312-pred_len=1-temperature=1.2-top_p=0.9-sample_count=2.csv
213,49.29577464788733,0.9094144855924087,0.7155322210607384,prediction_SOL_15min-model=kronos-mini-lookback=312-pred_len=1-temperature=1.1-top_p=0.92-sample_count=2.csv
309,49.19093851132686,0.783592895248663,0.6204751078485292,prediction_SOL_15min-model=kronos-mini-lookback=216-pred_len=1-temperature=0.8-top_p=0.94-sample_count=2.csv
405,49.135802469135804,0.6572099324249908,0.5099862495780296,prediction_SOL_15min-model=kronos-mini-lookback=120-pred_len=1-temperature=1.1-top_p=1.0-sample_count=100.csv
405,49.135802469135804,0.7038787037444167,0.5569417745707951,prediction_SOL_15min-model=kronos-mini-lookback=120-pred_len=1-temperature=0.8-top_p=0.94-sample_count=2.csv
501,49.101796407185624,0.7924656941110386,0.6029314038427054,prediction_SOL_15min-model=kronos-mini-lookback=24-pred_len=1-temperature=1.1-top_p=0.96-sample_count=2.csv
501,48.902195608782435,0.7749810671559594,0.5801286850127875,prediction_SOL_15min-model=kronos-mini-lookback=24-pred_len=1-temperature=1.0-top_p=0.92-sample_count=2.csv
405,48.888888888888886,0.6550847573891935,0.5109084904875567,prediction_SOL_15min-model=kronos-mini-lookback=120-pred_len=1-temperature=1.1-top_p=0.98-sample_count=100.csv
405,48.888888888888886,0.657779875081609,0.5126467964530284,prediction_SOL_15min-model=kronos-mini-lookback=120-pred_len=1-temperature=1.0-top_p=1.0-sample_count=100.csv
405,48.888888888888886,0.7664684549416336,0.5804387689284339,prediction_SOL_15min-model=kronos-mini-lookback=120-pred_len=1-temperature=1.0-top_p=0.96-sample_count=2.csv
405,48.888888888888886,0.8024105753118282,0.6198731534529327,prediction_SOL_15min-model=kronos-mini-lookback=120-pred_len=1-temperature=1.2-top_p=0.92-sample_count=2.csv
309,48.86731391585761,0.686169779896788,0.538681956111575,prediction_SOL_15min-model=kronos-mini-lookback=216-pred_len=1-temperature=1.2-top_p=0.9-sample_count=100.csv
309,48.86731391585761,0.8211767642887967,0.6377874166445421,prediction_SOL_15min-model=kronos-mini-lookback=216-pred_len=1-temperature=0.8-top_p=1.0-sample_count=2.csv
405,48.641975308641975,0.7138162669686013,0.5610233919873656,prediction_SOL_15min-model=kronos-mini-lookback=120-pred_len=1-temperature=0.9-top_p=0.9-sample_count=2.csv
309,48.54368932038835,0.7727265807078194,0.6088092003880958,prediction_SOL_15min-model=kronos-mini-lookback=216-pred_len=1-temperature=0.8-top_p=0.9-sample_count=2.csv
501,48.50299401197605,0.8074916724041139,0.613425026655673,prediction_SOL_15min-model=kronos-mini-lookback=24-pred_len=1-temperature=1.1-top_p=0.98-sample_count=2.csv
405,48.39506172839506,0.6575666032903134,0.5106156875120572,prediction_SOL_15min-model=kronos-mini-lookback=120-pred_len=1-temperature=0.8-top_p=1.0-sample_count=100.csv
405,48.39506172839506,0.6575673356653428,0.5099167352068856,prediction_SOL_15min-model=kronos-mini-lookback=120-pred_len=1-temperature=1.0-top_p=0.92-sample_count=100.csv
405,48.39506172839506,0.751549287047299,0.5852170112967786,prediction_SOL_15min-model=kronos-mini-lookback=120-pred_len=1-temperature=0.8-top_p=0.9-sample_count=2.csv
213,48.35680751173709,0.8871808783241015,0.6934885871708112,prediction_SOL_15min-model=kronos-mini-lookback=312-pred_len=1-temperature=1.1-top_p=0.94-sample_count=2.csv
309,48.22006472491909,0.8295141086821811,0.6566359190116821,prediction_SOL_15min-model=kronos-mini-lookback=216-pred_len=1-temperature=0.9-top_p=1.0-sample_count=2.csv
309,48.22006472491909,0.8375924094946174,0.6673803336430518,prediction_SOL_15min-model=kronos-mini-lookback=216-pred_len=1-temperature=1.1-top_p=0.92-sample_count=2.csv
405,48.148148148148145,0.6573040538427283,0.5087849770326941,prediction_SOL_15min-model=kronos-mini-lookback=120-pred_len=1-temperature=1.1-top_p=0.96-sample_count=100.csv
405,48.148148148148145,0.6602737700885377,0.512864352876639,prediction_SOL_15min-model=kronos-mini-lookback=120-pred_len=1-temperature=1.2-top_p=0.94-sample_count=100.csv
501,48.10379241516966,0.7642432929551751,0.5850962758077594,prediction_SOL_15min-model=kronos-mini-lookback=24-pred_len=1-temperature=0.8-top_p=0.9-sample_count=2.csv
405,47.901234567901234,0.655244167182492,0.5116468044102048,prediction_SOL_15min-model=kronos-mini-lookback=120-pred_len=1-temperature=1.2-top_p=0.98-sample_count=100.csv
405,47.901234567901234,0.6560161046654873,0.5135660850694443,prediction_SOL_15min-model=kronos-mini-lookback=120-pred_len=1-temperature=1.2-top_p=0.9-sample_count=100.csv
405,47.901234567901234,0.7454201170879348,0.5884623349488826,prediction_SOL_15min-model=kronos-mini-lookback=120-pred_len=1-temperature=1.0-top_p=0.94-sample_count=2.csv
405,47.901234567901234,0.7782895656705621,0.6062581967954296,prediction_SOL_15min-model=kronos-mini-lookback=120-pred_len=1-temperature=1.1-top_p=0.98-sample_count=2.csv
309,47.896440129449836,0.6977535706059668,0.5506627614437951,prediction_SOL_15min-model=kronos-mini-lookback=216-pred_len=1-temperature=1.0-top_p=0.98-sample_count=100.csv
309,47.896440129449836,0.8320791292312346,0.667287824019647,prediction_SOL_15min-model=kronos-mini-lookback=216-pred_len=1-temperature=1.1-top_p=1.0-sample_count=2.csv
213,47.88732394366197,0.918122278889612,0.7278076659010073,prediction_SOL_15min-model=kronos-mini-lookback=312-pred_len=1-temperature=1.2-top_p=0.98-sample_count=2.csv
117,47.863247863247864,0.9311168912398023,0.7341941692124063,prediction_SOL_15min-model=kronos-mini-lookback=408-pred_len=1-temperature=0.8-top_p=0.92-sample_count=2.csv
405,47.654320987654316,0.6546173815382393,0.5103292743899493,prediction_SOL_15min-model=kronos-mini-lookback=120-pred_len=1-temperature=1.2-top_p=1.0-sample_count=100.csv
405,47.654320987654316,0.6605908345765521,0.5133027993586032,prediction_SOL_15min-model=kronos-mini-lookback=120-pred_len=1-temperature=1.0-top_p=0.96-sample_count=100.csv
405,47.654320987654316,0.6631357127058859,0.519818116259164,prediction_SOL_15min-model=kronos-mini-lookback=120-pred_len=1-temperature=1.1-top_p=0.92-sample_count=100.csv
405,47.654320987654316,0.7519127052223571,0.5924202493248476,prediction_SOL_15min-model=kronos-mini-lookback=120-pred_len=1-temperature=0.9-top_p=0.94-sample_count=2.csv
21,47.61904761904761,0.7584630528120355,0.6557658284505286,prediction_SOL_15min-model=kronos-mini-lookback=504-pred_len=1-temperature=0.8-top_p=1.0-sample_count=100.csv
21,47.61904761904761,0.7707313881433675,0.6515456833612374,prediction_SOL_15min-model=kronos-mini-lookback=504-pred_len=1-temperature=1.1-top_p=0.9-sample_count=100.csv
21,47.61904761904761,0.7756967134944194,0.6767967994326647,prediction_SOL_15min-model=kronos-mini-lookback=504-pred_len=1-temperature=1.2-top_p=0.96-sample_count=100.csv
21,47.61904761904761,0.7819446548353705,0.6721770193917393,prediction_SOL_15min-model=kronos-mini-lookback=504-pred_len=1-temperature=0.8-top_p=0.96-sample_count=100.csv
21,47.61904761904761,0.784593516213486,0.6716124441964336,prediction_SOL_15min-model=kronos-mini-lookback=504-pred_len=1-temperature=0.9-top_p=0.98-sample_count=100.csv
21,47.61904761904761,0.7852624894643105,0.6756625627790229,prediction_SOL_15min-model=kronos-mini-lookback=504-pred_len=1-temperature=0.8-top_p=0.92-sample_count=100.csv
21,47.61904761904761,0.7890187260186143,0.6699187186104948,prediction_SOL_15min-model=kronos-mini-lookback=504-pred_len=1-temperature=0.8-top_p=0.94-sample_count=100.csv
21,47.61904761904761,0.7890593386638627,0.6826678001767083,prediction_SOL_15min-model=kronos-mini-lookback=504-pred_len=1-temperature=0.8-top_p=0.98-sample_count=100.csv
21,47.61904761904761,0.7958875623222003,0.6763971644810318,prediction_SOL_15min-model=kronos-mini-lookback=504-pred_len=1-temperature=0.8-top_p=0.9-sample_count=100.csv
21,47.61904761904761,0.8059536923545474,0.6798565499441988,prediction_SOL_15min-model=kronos-mini-lookback=504-pred_len=1-temperature=0.9-top_p=0.94-sample_count=100.csv
21,47.61904761904761,0.8682639390125461,0.7560680396670462,prediction_SOL_15min-model=kronos-mini-lookback=504-pred_len=1-temperature=1.0-top_p=0.96-sample_count=2.csv
21,47.61904761904761,0.8974742724637594,0.7319678373790927,prediction_SOL_15min-model=kronos-mini-lookback=504-pred_len=1-temperature=0.8-top_p=0.98-sample_count=2.csv
21,47.61904761904761,0.9374740350695975,0.7431183442615341,prediction_SOL_15min-model=kronos-mini-lookback=504-pred_len=1-temperature=1.0-top_p=0.98-sample_count=2.csv
21,47.61904761904761,1.0592304617386532,0.8547504185267837,prediction_SOL_15min-model=kronos-mini-lookback=504-pred_len=1-temperature=1.2-top_p=0.92-sample_count=2.csv
405,47.40740740740741,0.6603613496956716,0.5152001457007146,prediction_SOL_15min-model=kronos-mini-lookback=120-pred_len=1-temperature=0.9-top_p=0.96-sample_count=100.csv
309,47.249190938511326,0.7979463457543208,0.6381088735240935,prediction_SOL_15min-model=kronos-mini-lookback=216-pred_len=1-temperature=0.8-top_p=0.96-sample_count=2.csv
405,47.160493827160494,0.656570756901986,0.5127168081476657,prediction_SOL_15min-model=kronos-mini-lookback=120-pred_len=1-temperature=1.0-top_p=0.94-sample_count=100.csv
405,47.160493827160494,0.6614249732080597,0.5166712451774715,prediction_SOL_15min-model=kronos-mini-lookback=120-pred_len=1-temperature=1.0-top_p=0.98-sample_count=100.csv
405,47.160493827160494,0.8256720554215404,0.6430540855878663,prediction_SOL_15min-model=kronos-mini-lookback=120-pred_len=1-temperature=1.2-top_p=0.98-sample_count=2.csv
405,46.913580246913575,0.6521715164237994,0.5090052872419945,prediction_SOL_15min-model=kronos-mini-lookback=120-pred_len=1-temperature=1.2-top_p=0.96-sample_count=100.csv
405,46.913580246913575,0.6543713548462706,0.5136959036820011,prediction_SOL_15min-model=kronos-mini-lookback=120-pred_len=1-temperature=1.1-top_p=0.9-sample_count=100.csv
405,46.913580246913575,0.6580419762242655,0.513103594413098,prediction_SOL_15min-model=kronos-mini-lookback=120-pred_len=1-temperature=1.0-top_p=0.9-sample_count=100.csv
405,46.913580246913575,0.660367461057041,0.5159205266203694,prediction_SOL_15min-model=kronos-mini-lookback=120-pred_len=1-temperature=0.8-top_p=0.94-sample_count=100.csv
405,46.913580246913575,0.6619605292986485,0.5180193809678831,prediction_SOL_15min-model=kronos-mini-lookback=120-pred_len=1-temperature=0.9-top_p=0.94-sample_count=100.csv
405,46.666666666666664,0.6621248945434545,0.518101698857062,prediction_SOL_15min-model=kronos-mini-lookback=120-pred_len=1-temperature=0.9-top_p=0.9-sample_count=100.csv
405,46.666666666666664,0.6641138406396347,0.5162181671971464,prediction_SOL_15min-model=kronos-mini-lookback=120-pred_len=1-temperature=0.9-top_p=1.0-sample_count=100.csv
405,46.666666666666664,0.7988206480827471,0.6104525572675543,prediction_SOL_15min-model=kronos-mini-lookback=120-pred_len=1-temperature=1.2-top_p=0.9-sample_count=2.csv
405,46.666666666666664,0.8844846710392136,0.6602012815875783,prediction_SOL_15min-model=kronos-mini-lookback=120-pred_len=1-temperature=1.1-top_p=1.0-sample_count=2.csv
405,46.41975308641975,0.6646399633181511,0.5190262612123845,prediction_SOL_15min-model=kronos-mini-lookback=120-pred_len=1-temperature=0.9-top_p=0.92-sample_count=100.csv
405,46.41975308641975,0.7278720885114769,0.5739688938922647,prediction_SOL_15min-model=kronos-mini-lookback=120-pred_len=1-temperature=0.8-top_p=0.98-sample_count=2.csv
405,46.17283950617284,0.6567296844135944,0.5127946685112855,prediction_SOL_15min-model=kronos-mini-lookback=120-pred_len=1-temperature=1.2-top_p=0.92-sample_count=100.csv
405,46.17283950617284,0.6611414484381389,0.5164462470462007,prediction_SOL_15min-model=kronos-mini-lookback=120-pred_len=1-temperature=0.8-top_p=0.96-sample_count=100.csv
405,45.925925925925924,0.6621620967925472,0.5135534633005396,prediction_SOL_15min-model=kronos-mini-lookback=120-pred_len=1-temperature=1.1-top_p=0.94-sample_count=100.csv
405,45.925925925925924,0.6662466167928589,0.5194921867163385,prediction_SOL_15min-model=kronos-mini-lookback=120-pred_len=1-temperature=0.8-top_p=0.92-sample_count=100.csv
501,45.70858283433134,0.7966308282248672,0.6110246379798995,prediction_SOL_15min-model=kronos-mini-lookback=24-pred_len=1-temperature=1.0-top_p=0.9-sample_count=2.csv
405,45.67901234567901,0.6651152354710447,0.5182857679277596,prediction_SOL_15min-model=kronos-mini-lookback=120-pred_len=1-temperature=0.9-top_p=0.98-sample_count=100.csv
405,45.4320987654321,0.7301657140639323,0.5702771897304206,prediction_SOL_15min-model=kronos-mini-lookback=120-pred_len=1-temperature=0.8-top_p=0.92-sample_count=2.csv
117,45.2991452991453,0.9839979444808423,0.7596086271367508,prediction_SOL_15min-model=kronos-mini-lookback=408-pred_len=1-temperature=1.2-top_p=0.94-sample_count=2.csv
405,45.18518518518518,0.6661674286461986,0.5187881388044935,prediction_SOL_15min-model=kronos-mini-lookback=120-pred_len=1-temperature=0.8-top_p=0.9-sample_count=100.csv
405,44.93827160493827,0.7574960056159419,0.5981319355830433,prediction_SOL_15min-model=kronos-mini-lookback=120-pred_len=1-temperature=1.0-top_p=0.92-sample_count=2.csv
405,44.93827160493827,0.7742285238470994,0.606223872251157,prediction_SOL_15min-model=kronos-mini-lookback=120-pred_len=1-temperature=1.2-top_p=0.94-sample_count=2.csv
405,44.44444444444444,0.6609628079623594,0.5142616362847234,prediction_SOL_15min-model=kronos-mini-lookback=120-pred_len=1-temperature=0.8-top_p=0.98-sample_count=100.csv
21,42.857142857142854,0.7384411009638575,0.6251160074869828,prediction_SOL_15min-model=kronos-mini-lookback=504-pred_len=1-temperature=1.0-top_p=0.98-sample_count=100.csv
21,42.857142857142854,0.7385052657691296,0.6500430559430813,prediction_SOL_15min-model=kronos-mini-lookback=504-pred_len=1-temperature=1.1-top_p=1.0-sample_count=100.csv
21,42.857142857142854,0.766983196369501,0.6497989153180813,prediction_SOL_15min-model=kronos-mini-lookback=504-pred_len=1-temperature=0.9-top_p=1.0-sample_count=100.csv
21,42.857142857142854,0.768393082716382,0.6596045038132423,prediction_SOL_15min-model=kronos-mini-lookback=504-pred_len=1-temperature=1.2-top_p=0.98-sample_count=100.csv
21,42.857142857142854,0.7718951364630979,0.6659274553571398,prediction_SOL_15min-model=kronos-mini-lookback=504-pred_len=1-temperature=1.0-top_p=0.94-sample_count=100.csv
21,42.857142857142854,0.776337659134503,0.6848893868582593,prediction_SOL_15min-model=kronos-mini-lookback=504-pred_len=1-temperature=0.9-top_p=1.0-sample_count=2.csv
21,42.857142857142854,0.7819810364526718,0.6640477178664458,prediction_SOL_15min-model=kronos-mini-lookback=504-pred_len=1-temperature=1.2-top_p=0.94-sample_count=100.csv
21,42.857142857142854,0.7853446450449976,0.6725032668340811,prediction_SOL_15min-model=kronos-mini-lookback=504-pred_len=1-temperature=1.0-top_p=0.9-sample_count=100.csv
21,42.857142857142854,0.7863505590242503,0.6707516682942624,prediction_SOL_15min-model=kronos-mini-lookback=504-pred_len=1-temperature=1.1-top_p=0.9-sample_count=2.csv
21,42.857142857142854,0.7906464263288258,0.68531483677456,prediction_SOL_15min-model=kronos-mini-lookback=504-pred_len=1-temperature=0.9-top_p=0.96-sample_count=100.csv
21,42.857142857142854,0.7926870847027224,0.6716676664806611,prediction_SOL_15min-model=kronos-mini-lookback=504-pred_len=1-temperature=1.1-top_p=0.98-sample_count=100.csv
21,42.857142857142854,0.8664245804870067,0.6654945417131687,prediction_SOL_15min-model=kronos-mini-lookback=504-pred_len=1-temperature=0.9-top_p=0.92-sample_count=2.csv
21,42.857142857142854,0.899321122878467,0.7646214890252966,prediction_SOL_15min-model=kronos-mini-lookback=504-pred_len=1-temperature=1.0-top_p=0.9-sample_count=2.csv
21,42.857142857142854,0.9800270187305877,0.8443259509858708,prediction_SOL_15min-model=kronos-mini-lookback=504-pred_len=1-temperature=1.0-top_p=0.92-sample_count=2.csv
21,38.095238095238095,0.7615396416506459,0.6557941662016366,prediction_SOL_15min-model=kronos-mini-lookback=504-pred_len=1-temperature=1.2-top_p=0.9-sample_count=100.csv
21,38.095238095238095,0.7625182659236881,0.6651466936383932,prediction_SOL_15min-model=kronos-mini-lookback=504-pred_len=1-temperature=1.2-top_p=1.0-sample_count=100.csv
21,38.095238095238095,0.7710254938371359,0.6592034156436062,prediction_SOL_15min-model=kronos-mini-lookback=504-pred_len=1-temperature=1.0-top_p=0.92-sample_count=100.csv
21,38.095238095238095,0.778869596899979,0.6560749802362273,prediction_SOL_15min-model=kronos-mini-lookback=504-pred_len=1-temperature=1.1-top_p=0.96-sample_count=100.csv
21,38.095238095238095,0.7906876713475115,0.6790398414248549,prediction_SOL_15min-model=kronos-mini-lookback=504-pred_len=1-temperature=1.1-top_p=0.94-sample_count=100.csv
21,38.095238095238095,0.8071058700370336,0.7065361793154812,prediction_SOL_15min-model=kronos-mini-lookback=504-pred_len=1-temperature=1.0-top_p=0.96-sample_count=100.csv
21,38.095238095238095,0.9298256544979833,0.8098865443638474,prediction_SOL_15min-model=kronos-mini-lookback=504-pred_len=1-temperature=0.8-top_p=0.94-sample_count=2.csv
21,38.095238095238095,0.9526576398095261,0.8045489560081898,prediction_SOL_15min-model=kronos-mini-lookback=504-pred_len=1-temperature=1.1-top_p=0.96-sample_count=2.csv
21,38.095238095238095,0.9586600746817234,0.8148502952938927,prediction_SOL_15min-model=kronos-mini-lookback=504-pred_len=1-temperature=1.1-top_p=1.0-sample_count=2.csv
21,38.095238095238095,0.9660776560400326,0.7931386951264924,prediction_SOL_15min-model=kronos-mini-lookback=504-pred_len=1-temperature=1.1-top_p=0.98-sample_count=2.csv
21,38.095238095238095,1.0278893381625318,0.8955215192522336,prediction_SOL_15min-model=kronos-mini-lookback=504-pred_len=1-temperature=0.9-top_p=0.96-sample_count=2.csv
21,38.095238095238095,1.0794715278056872,0.9246215180896594,prediction_SOL_15min-model=kronos-mini-lookback=504-pred_len=1-temperature=1.2-top_p=0.96-sample_count=2.csv
21,33.33333333333333,0.9590762551125687,0.8147549409412245,prediction_SOL_15min-model=kronos-mini-lookback=504-pred_len=1-temperature=1.1-top_p=0.94-sample_count=2.csv
21,33.33333333333333,1.01893508741378,0.8981082240513464,prediction_SOL_15min-model=kronos-mini-lookback=504-pred_len=1-temperature=1.2-top_p=1.0-sample_count=2.csv
21,33.33333333333333,1.0454654250085367,0.9249798932756713,prediction_SOL_15min-model=kronos-mini-lookback=504-pred_len=1-temperature=1.1-top_p=0.92-sample_count=2.csv
21,33.33333333333333,1.0766474100715997,0.8962634393601222,prediction_SOL_15min-model=kronos-mini-lookback=504-pred_len=1-temperature=1.2-top_p=0.94-sample_count=2.csv
21,28.57142857142857,0.9184602326524521,0.8140083414713556,prediction_SOL_15min-model=kronos-mini-lookback=504-pred_len=1-temperature=1.0-top_p=0.94-sample_count=2.csv
